Wavelength,Reflectance
400,0.1
401,0.10075
402,0.1015
403,0.10225000000000001
404,0.10300000000000001
405,0.10375000000000001
406,0.10450000000000001
407,0.10525000000000001
408,0.10600000000000001
409,0.10675000000000001
410,0.10750000000000001
411,0.10825000000000001
412,0.109
413,0.10975
414,0.1105
415,0.11125
416,0.112
417,0.11275
418,0.1135
419,0.11425
420,0.115
421,0.11575
422,0.1165
423,0.11725000000000001
424,0.11800000000000001
425,0.11875000000000001
426,0.11950000000000001
427,0.12025000000000001
428,0.12100000000000001
429,0.12175
430,0.1225
431,0.12325
432,0.124
433,0.12475
434,0.1255
435,0.12625
436,0.127
437,0.12775
438,0.1285
439,0.12925
440,0.13
441,0.13075
442,0.1315
443,0.13225
444,0.133
445,0.13375
446,0.1345
447,0.13525
448,0.136
449,0.13675
450,0.1375
451,0.13825
452,0.139
453,0.13974999999999999
454,0.1405
455,0.14125000000000001
456,0.14200000000000002
457,0.14275
458,0.14350000000000002
459,0.14425
460,0.14500000000000002
461,0.14575
462,0.1465
463,0.14725
464,0.14800000000000002
465,0.14875
466,0.14950000000000002
467,0.15025
468,0.151
469,0.15175
470,0.1525
471,0.15325
472,0.154
473,0.15475
474,0.1555
475,0.15625
476,0.157
477,0.15775
478,0.1585
479,0.15925
480,0.16
481,0.16075
482,0.1615
483,0.16225
484,0.163
485,0.16375
486,0.1645
487,0.16525
488,0.166
489,0.16675
490,0.1675
491,0.16825
492,0.16899999999999998
493,0.16975
494,0.17049999999999998
495,0.17125
496,0.172
497,0.17275000000000001
498,0.1735
499,0.17425000000000002
500,0.175
501,0.17575000000000002
502,0.1765
503,0.17725000000000002
504,0.178
505,0.17875000000000002
506,0.1795
507,0.18025000000000002
508,0.181
509,0.18175
510,0.1825
511,0.18325
512,0.184
513,0.18475
514,0.1855
515,0.18625
516,0.187
517,0.18775000000000003
518,0.1885
519,0.18925
520,0.19
521,0.19075
522,0.1915
523,0.19225
524,0.193
525,0.19375
526,0.1945
527,0.19525
528,0.196
529,0.19674999999999998
530,0.1975
531,0.19824999999999998
532,0.199
533,0.19974999999999998
534,0.2005
535,0.20125
536,0.202
537,0.20275
538,0.20350000000000001
539,0.20425
540,0.20500000000000002
541,0.20575
542,0.20650000000000002
543,0.20725
544,0.208
545,0.20875
546,0.2095
547,0.21025
548,0.21100000000000002
549,0.21175
550,0.21250000000000002
551,0.21325
552,0.21400000000000002
553,0.21475
554,0.2155
555,0.21625
556,0.217
557,0.21775
558,0.2185
559,0.21925
560,0.22
561,0.22075
562,0.2215
563,0.22225
564,0.22299999999999998
565,0.22375
566,0.2245
567,0.22525
568,0.226
569,0.22675
570,0.2275
571,0.22825
572,0.229
573,0.22975
574,0.23049999999999998
575,0.23125
576,0.232
577,0.23275
578,0.2335
579,0.23424999999999999
580,0.23500000000000001
581,0.23575
582,0.23650000000000002
583,0.23725
584,0.238
585,0.23875000000000002
586,0.2395
587,0.24025000000000002
588,0.241
589,0.24175
590,0.2425
591,0.24325
592,0.244
593,0.24475
594,0.2455
595,0.24625
596,0.247
597,0.24775
598,0.2485
599,0.24925
600,0.25
601,0.25075000000000003
602,0.2515
603,0.25225
604,0.253
605,0.25375000000000003
606,0.2545
607,0.25525
608,0.256
609,0.25675000000000003
610,0.2575
611,0.25825
612,0.259
613,0.25975000000000004
614,0.2605
615,0.26125
616,0.262
617,0.26275
618,0.26349999999999996
619,0.26425
620,0.265
621,0.26575
622,0.26649999999999996
623,0.26725
624,0.268
625,0.26875000000000004
626,0.26949999999999996
627,0.27025
628,0.271
629,0.27175000000000005
630,0.27249999999999996
631,0.27325
632,0.274
633,0.27475
634,0.2755
635,0.27625
636,0.277
637,0.27775
638,0.27849999999999997
639,0.27925
640,0.28
641,0.28075
642,0.2815
643,0.28225
644,0.28300000000000003
645,0.28375
646,0.2845
647,0.28525
648,0.286
649,0.28675
650,0.2875
651,0.28825
652,0.289
653,0.28974999999999995
654,0.2905
655,0.29125
656,0.29200000000000004
657,0.29274999999999995
658,0.2935
659,0.29425
660,0.29500000000000004
661,0.29574999999999996
662,0.2965
663,0.29725
664,0.29800000000000004
665,0.29875
666,0.2995
667,0.30025
668,0.301
669,0.30175
670,0.3025
671,0.30325
672,0.304
673,0.30474999999999997
674,0.3055
675,0.30625
676,0.307
677,0.30774999999999997
678,0.3085
679,0.30925
680,0.31
681,0.31074999999999997
682,0.3115
683,0.31224999999999997
684,0.313
685,0.31375
686,0.3145
687,0.31525000000000003
688,0.31599999999999995
689,0.31675
690,0.3175
691,0.31825000000000003
692,0.31899999999999995
693,0.31975
694,0.3205
695,0.32125000000000004
696,0.322
697,0.32275
698,0.3235
699,0.32425000000000004
700,0.325
701,0.32575
702,0.3265
703,0.32725
704,0.328
705,0.32875
706,0.3295
707,0.33025
708,0.33099999999999996
709,0.33175
710,0.3325
711,0.33325
712,0.33399999999999996
713,0.33475
714,0.3355
715,0.33625
716,0.33699999999999997
717,0.33775
718,0.3385
719,0.33925000000000005
720,0.33999999999999997
721,0.34075
722,0.3415
723,0.34224999999999994
724,0.34299999999999997
725,0.34375
726,0.34450000000000003
727,0.34525
728,0.346
729,0.34675
730,0.34750000000000003
731,0.34825
732,0.349
733,0.34975
734,0.35050000000000003
735,0.35124999999999995
736,0.352
737,0.35275
738,0.35350000000000004
739,0.35425000000000006
740,0.355
741,0.35575
742,0.35650000000000004
743,0.35724999999999996
744,0.358
745,0.35875
746,0.35950000000000004
747,0.36024999999999996
748,0.361
749,0.36175
750,0.36250000000000004
751,0.36324999999999996
752,0.364
753,0.36475
754,0.36550000000000005
755,0.36624999999999996
756,0.367
757,0.36775
758,0.36849999999999994
759,0.36924999999999997
760,0.37
761,0.37075
762,0.37149999999999994
763,0.37224999999999997
764,0.373
765,0.37375
766,0.37449999999999994
767,0.37525
768,0.376
769,0.37675000000000003
770,0.37750000000000006
771,0.37825
772,0.379
773,0.37975000000000003
774,0.38050000000000006
775,0.38125
776,0.382
777,0.38275000000000003
778,0.38349999999999995
779,0.38425
780,0.385
781,0.38575000000000004
782,0.38649999999999995
783,0.38725
784,0.388
785,0.38875000000000004
786,0.38949999999999996
787,0.39025
788,0.391
789,0.39174999999999993
790,0.39249999999999996
791,0.39325
792,0.394
793,0.39474999999999993
794,0.39549999999999996
795,0.39625
796,0.397
797,0.39774999999999994
798,0.39849999999999997
799,0.39925
800,0.4
